sample_id	species	population	country	latitude	longitude
AG1000G-S1	An. gambiae	GAS	Ghana	5.56	-0.2
AG1000G-S2	An. gambiae	GAS	Ghana	5.56	-0.2
AG1000G-S3	An. gambiae	UGA	Uganda	0.31	32.58
AG1000G-S4	An. gambiae	UGA	Uganda	0.31	32.58
AG1000G-S5	An. coluzzii	BFM	Burkina Faso	12.37	-1.52
AG1000G-S6	An. coluzzii	BFM	Burkina Faso	12.37	-1.52
AG1000G-S7	An. arabiensis	KEN	Kenya	-1.29	36.82
AG1000G-S8	An. arabiensis	KEN	Kenya	-1.29	36.82
AG1000G-S9	An. gambiae	CMR	Cameroon	3.87	11.52
AG1000G-S10	An. gambiae	CMR	Cameroon	3.87	11.52
AG1000G-S11	An. funestus	UGA	Uganda	0.31	32.58
AG1000G-S12	An. funestus	BFM	Burkina Faso	12.37	-1.52
