date,site,trap_type,species,count,collector
2024-02-01,SiteA,Malaise,Papilio demodocus,33,Nabirye
2024-02-01,SiteA,Malaise,Danaus chrysippus,45,Kato
2024-02-01,SiteA,Malaise,Bicyclus anynana,18,Achieng
2024-02-01,SiteA,Malaise,Junonia orithya,27,Okello
2024-02-01,SiteB,Malaise,Junonia orithya,4,Kato
2024-02-01,SiteC,Malaise,Papilio demodocus,9,Okello
2024-02-01,SiteC,Malaise,Danaus chrysippus,14,Achieng
2024-02-01,SiteC,Malaise,Junonia orithya,50,Nabirye
2024-02-01,SiteD,Malaise,Papilio demodocus,11,Kato
2024-02-01,SiteD,Malaise,Bicyclus anynana,23,Okello
2024-02-01,SiteD,Malaise,Junonia orithya,51,Kato
2024-02-02,SiteA,Malaise,Bicyclus anynana,22,Okello
2024-02-02,SiteA,Malaise,Junonia orithya,0,Nabirye
2024-02-02,SiteB,Malaise,Papilio demodocus,44,Okello
2024-02-02,SiteB,Malaise,Danaus chrysippus,26,Achieng
2024-02-02,SiteB,Malaise,Junonia orithya,27,Nabirye
2024-02-02,SiteC,Malaise,Danaus chrysippus,17,Nabirye
2024-02-02,SiteC,Malaise,Bicyclus anynana,35,Achieng
2024-02-02,SiteD,Malaise,Papilio demodocus,42,Achieng
2024-02-02,SiteD,Malaise,Danaus chrysippus,40,Okello
2024-02-02,SiteD,Malaise,Bicyclus anynana,23,Okello
2024-02-03,SiteA,Malaise,Papilio demodocus,21,Kato
2024-02-03,SiteA,Malaise,Bicyclus anynana,32,Okello
2024-02-03,SiteA,Malaise,Junonia orithya,10,Kato
2024-02-03,SiteB,Malaise,Danaus chrysippus,0,Kato
2024-02-03,SiteB,Malaise,Bicyclus anynana,23,Achieng
2024-02-03,SiteB,Malaise,Junonia orithya,19,Okello
2024-02-03,SiteC,Malaise,Papilio demodocus,19,Okello
2024-02-03,SiteC,Malaise,Danaus chrysippus,15,Okello
2024-02-03,SiteC,Malaise,Bicyclus anynana,9,Achieng
2024-02-03,SiteC,Malaise,Junonia orithya,0,Kato
2024-02-03,SiteD,Malaise,Papilio demodocus,28,Okello
2024-02-03,SiteD,Malaise,Bicyclus anynana,19,Achieng
2024-02-03,SiteD,Malaise,Junonia orithya,33,Achieng
2024-02-04,SiteA,Malaise,Danaus chrysippus,48,Kato
2024-02-04,SiteB,Malaise,Papilio demodocus,34,Kato
2024-02-04,SiteB,Malaise,Danaus chrysippus,26,Nabirye
2024-02-04,SiteB,Malaise,Bicyclus anynana,53,Achieng
2024-02-04,SiteB,Malaise,Junonia orithya,33,Achieng
2024-02-04,SiteC,Malaise,Papilio demodocus,0,Kato
2024-02-04,SiteC,Malaise,Bicyclus anynana,42,Okello
2024-02-04,SiteC,Malaise,Junonia orithya,47,Achieng
2024-02-04,SiteD,Malaise,Danaus chrysippus,37,Okello
2024-02-04,SiteD,Malaise,Bicyclus anynana,31,Achieng
2024-02-04,SiteD,Malaise,Junonia orithya,37,Okello
2024-02-05,SiteA,Malaise,Papilio demodocus,48,Achieng
2024-02-05,SiteA,Malaise,Junonia orithya,68,Okello
2024-02-05,SiteB,Malaise,Junonia orithya,46,Kato
2024-02-05,SiteC,Malaise,Danaus chrysippus,46,Nabirye
2024-02-05,SiteC,Malaise,Bicyclus anynana,1,Kato
2024-02-05,SiteC,Malaise,Junonia orithya,41,Nabirye
2024-02-05,SiteD,Malaise,Papilio demodocus,21,Nabirye
2024-02-05,SiteD,Malaise,Danaus chrysippus,12,Achieng
2024-02-05,SiteD,Malaise,Bicyclus anynana,44,Kato
2024-02-06,SiteA,Malaise,Papilio demodocus,22,Achieng
2024-02-06,SiteA,Malaise,Danaus chrysippus,28,Nabirye
2024-02-06,SiteA,Malaise,Bicyclus anynana,32,Kato
2024-02-06,SiteB,Malaise,Papilio demodocus,13,Kato
2024-02-06,SiteB,Malaise,Bicyclus anynana,44,Okello
2024-02-06,SiteB,Malaise,Junonia orithya,32,Achieng
2024-02-06,SiteC,Malaise,Papilio demodocus,0,Kato
2024-02-06,SiteC,Malaise,Danaus chrysippus,34,Nabirye
2024-02-06,SiteC,Malaise,Bicyclus anynana,15,Kato
2024-02-06,SiteC,Malaise,Junonia orithya,0,Nabirye
2024-02-06,SiteD,Malaise,Danaus chrysippus,4,Okello
2024-02-07,SiteA,Malaise,Danaus chrysippus,41,Achieng
2024-02-07,SiteA,Malaise,Bicyclus anynana,40,Achieng
2024-02-07,SiteA,Malaise,Junonia orithya,44,Nabirye
2024-02-07,SiteB,Malaise,Papilio demodocus,16,Nabirye
2024-02-07,SiteB,Malaise,Danaus chrysippus,55,Nabirye
2024-02-07,SiteB,Malaise,Bicyclus anynana,3,Achieng
2024-02-07,SiteB,Malaise,Junonia orithya,49,Kato
2024-02-07,SiteC,Malaise,Danaus chrysippus,30,Achieng
2024-02-07,SiteD,Malaise,Papilio demodocus,17,Okello
2024-02-07,SiteD,Malaise,Danaus chrysippus,28,Kato
2024-02-07,SiteD,Malaise,Bicyclus anynana,0,Okello
2024-02-07,SiteD,Malaise,Junonia orithya,0,Okello
2024-02-08,SiteA,Malaise,Papilio demodocus,1,Achieng
2024-02-08,SiteA,Malaise,Danaus chrysippus,5,Kato
2024-02-08,SiteA,Malaise,Junonia orithya,43,Kato
2024-02-08,SiteB,Malaise,Papilio demodocus,14,Okello
2024-02-08,SiteB,Malaise,Danaus chrysippus,51,Kato
2024-02-08,SiteB,Malaise,Bicyclus anynana,22,Okello
2024-02-08,SiteC,Malaise,Danaus chrysippus,29,Kato
2024-02-08,SiteC,Malaise,Bicyclus anynana,0,Nabirye
2024-02-08,SiteC,Malaise,Junonia orithya,37,Okello
2024-02-08,SiteD,Malaise,Papilio demodocus,23,Achieng
2024-02-08,SiteD,Malaise,Junonia orithya,21,Achieng
2024-02-09,SiteA,Malaise,Papilio demodocus,40,Okello
2024-02-09,SiteA,Malaise,Danaus chrysippus,0,Kato
2024-02-09,SiteA,Malaise,Bicyclus anynana,17,Okello
2024-02-09,SiteA,Malaise,Junonia orithya,13,Achieng
2024-02-09,SiteB,Malaise,Papilio demodocus,33,Kato
2024-02-09,SiteB,Malaise,Danaus chrysippus,13,Okello
2024-02-09,SiteB,Malaise,Junonia orithya,20,Okello
2024-02-09,SiteC,Malaise,Junonia orithya,38,Okello
2024-02-09,SiteD,Malaise,Papilio demodocus,15,Achieng
2024-02-09,SiteD,Malaise,Danaus chrysippus,33,Nabirye
2024-02-09,SiteD,Malaise,Bicyclus anynana,31,Nabirye
2024-02-09,SiteD,Malaise,Junonia orithya,12,Okello
2024-02-10,SiteA,Malaise,Papilio demodocus,15,Nabirye
2024-02-10,SiteA,Malaise,Danaus chrysippus,0,Achieng
2024-02-10,SiteA,Malaise,Bicyclus anynana,9,Nabirye
2024-02-10,SiteB,Malaise,Papilio demodocus,41,Okello
2024-02-10,SiteB,Malaise,Danaus chrysippus,35,Okello
2024-02-10,SiteB,Malaise,Junonia orithya,27,Kato
2024-02-10,SiteC,Malaise,Papilio demodocus,27,Nabirye
2024-02-10,SiteC,Malaise,Danaus chrysippus,32,Achieng
2024-02-10,SiteC,Malaise,Junonia orithya,54,Kato
2024-02-10,SiteD,Malaise,Papilio demodocus,11,Nabirye
2024-02-10,SiteD,Malaise,Danaus chrysippus,24,Okello
2024-02-10,SiteD,Malaise,Junonia orithya,44,Kato
