date,site,trap_type,species,count,collector
2024-06-01,SiteA,CDC light trap,Anopheles gambiae,35,Okello
2024-06-01,SiteA,CDC light trap,Anopheles funestus,26,Achieng
2024-06-01,SiteA,CDC light trap,Culex quinquefasciatus,1,Okello
2024-06-01,SiteA,CDC light trap,Aedes aegypti,7,Achieng
2024-06-01,SiteB,CDC light trap,Anopheles gambiae,15,Nabirye
2024-06-01,SiteB,CDC light trap,Anopheles funestus,37,Achieng
2024-06-01,SiteB,CDC light trap,Culex quinquefasciatus,8,Kato
2024-06-01,SiteB,CDC light trap,Aedes aegypti,54,Achieng
2024-06-01,SiteC,CDC light trap,Anopheles funestus,20,Kato
2024-06-01,SiteC,CDC light trap,Culex quinquefasciatus,22,Okello
2024-06-01,SiteD,CDC light trap,Anopheles gambiae,17,Nabirye
2024-06-01,SiteD,CDC light trap,Anopheles funestus,14,Kato
2024-06-01,SiteD,CDC light trap,Aedes aegypti,45,Kato
2024-06-02,SiteA,CDC light trap,Anopheles gambiae,14,Nabirye
2024-06-02,SiteA,CDC light trap,Anopheles funestus,5,Okello
2024-06-02,SiteA,CDC light trap,Culex quinquefasciatus,11,Nabirye
2024-06-02,SiteA,CDC light trap,Aedes aegypti,25,Okello
2024-06-02,SiteB,CDC light trap,Culex quinquefasciatus,23,Achieng
2024-06-02,SiteB,CDC light trap,Aedes aegypti,25,Achieng
2024-06-02,SiteC,CDC light trap,Anopheles gambiae,10,Okello
2024-06-02,SiteC,CDC light trap,Anopheles funestus,1,Okello
2024-06-02,SiteC,CDC light trap,Culex quinquefasciatus,16,Kato
2024-06-02,SiteC,CDC light trap,Aedes aegypti,19,Achieng
2024-06-02,SiteD,CDC light trap,Anopheles gambiae,23,Kato
2024-06-02,SiteD,CDC light trap,Culex quinquefasciatus,24,Kato
2024-06-02,SiteD,CDC light trap,Aedes aegypti,25,Nabirye
2024-06-03,SiteA,CDC light trap,Anopheles gambiae,2,Okello
2024-06-03,SiteA,CDC light trap,Anopheles funestus,24,Okello
2024-06-03,SiteB,CDC light trap,Anopheles gambiae,67,Okello
2024-06-03,SiteB,CDC light trap,Aedes aegypti,4,Achieng
2024-06-03,SiteC,CDC light trap,Anopheles gambiae,17,Achieng
2024-06-03,SiteC,CDC light trap,Culex quinquefasciatus,26,Nabirye
2024-06-03,SiteC,CDC light trap,Aedes aegypti,6,Achieng
2024-06-03,SiteD,CDC light trap,Culex quinquefasciatus,13,Kato
2024-06-03,SiteD,CDC light trap,Aedes aegypti,15,Kato
2024-06-04,SiteA,CDC light trap,Aedes aegypti,0,Nabirye
2024-06-04,SiteB,CDC light trap,Anopheles funestus,17,Kato
2024-06-04,SiteB,CDC light trap,Culex quinquefasciatus,27,Kato
2024-06-04,SiteB,CDC light trap,Aedes aegypti,36,Achieng
2024-06-04,SiteC,CDC light trap,Anopheles funestus,28,Okello
2024-06-04,SiteC,CDC light trap,Aedes aegypti,45,Nabirye
2024-06-04,SiteD,CDC light trap,Anopheles gambiae,47,Achieng
2024-06-04,SiteD,CDC light trap,Anopheles funestus,7,Achieng
2024-06-04,SiteD,CDC light trap,Aedes aegypti,28,Nabirye
2024-06-05,SiteA,CDC light trap,Anopheles gambiae,17,Nabirye
2024-06-05,SiteA,CDC light trap,Culex quinquefasciatus,48,Okello
2024-06-05,SiteA,CDC light trap,Aedes aegypti,43,Achieng
2024-06-05,SiteB,CDC light trap,Anopheles gambiae,32,Okello
2024-06-05,SiteB,CDC light trap,Anopheles funestus,34,Nabirye
2024-06-05,SiteB,CDC light trap,Culex quinquefasciatus,7,Achieng
2024-06-05,SiteB,CDC light trap,Aedes aegypti,26,Achieng
2024-06-05,SiteC,CDC light trap,Anopheles gambiae,32,Okello
2024-06-05,SiteC,CDC light trap,Culex quinquefasciatus,0,Okello
2024-06-05,SiteC,CDC light trap,Aedes aegypti,14,Okello
2024-06-05,SiteD,CDC light trap,Anopheles gambiae,26,Nabirye
2024-06-05,SiteD,CDC light trap,Anopheles funestus,33,Nabirye
2024-06-06,SiteA,CDC light trap,Anopheles gambiae,31,Achieng
2024-06-06,SiteA,CDC light trap,Anopheles funestus,39,Okello
2024-06-06,SiteA,CDC light trap,Culex quinquefasciatus,34,Nabirye
2024-06-06,SiteB,CDC light trap,Anopheles gambiae,25,Kato
2024-06-06,SiteB,CDC light trap,Anopheles funestus,20,Achieng
2024-06-06,SiteB,CDC light trap,Culex quinquefasciatus,39,Achieng
2024-06-06,SiteC,CDC light trap,Anopheles funestus,26,Achieng
2024-06-06,SiteD,CDC light trap,Anopheles funestus,31,Kato
2024-06-06,SiteD,CDC light trap,Aedes aegypti,25,Nabirye
2024-06-07,SiteA,CDC light trap,Anopheles gambiae,26,Okello
2024-06-07,SiteA,CDC light trap,Aedes aegypti,19,Kato
2024-06-07,SiteB,CDC light trap,Anopheles funestus,17,Nabirye
2024-06-07,SiteB,CDC light trap,Culex quinquefasciatus,15,Okello
2024-06-07,SiteB,CDC light trap,Aedes aegypti,29,Achieng
2024-06-07,SiteC,CDC light trap,Anopheles gambiae,37,Achieng
2024-06-07,SiteC,CDC light trap,Culex quinquefasciatus,27,Kato
2024-06-07,SiteC,CDC light trap,Aedes aegypti,17,Okello
2024-06-07,SiteD,CDC light trap,Anopheles gambiae,28,Kato
2024-06-07,SiteD,CDC light trap,Anopheles funestus,9,Kato
2024-06-08,SiteA,CDC light trap,Anopheles gambiae,28,Kato
2024-06-08,SiteA,CDC light trap,Culex quinquefasciatus,13,Achieng
2024-06-08,SiteA,CDC light trap,Aedes aegypti,14,Okello
2024-06-08,SiteB,CDC light trap,Anopheles gambiae,30,Okello
2024-06-08,SiteB,CDC light trap,Anopheles funestus,20,Okello
2024-06-08,SiteC,CDC light trap,Anopheles funestus,25,Achieng
2024-06-08,SiteD,CDC light trap,Anopheles funestus,40,Nabirye
2024-06-08,SiteD,CDC light trap,Aedes aegypti,16,Kato
2024-06-09,SiteA,CDC light trap,Anopheles gambiae,19,Okello
2024-06-09,SiteA,CDC light trap,Anopheles funestus,23,Nabirye
2024-06-09,SiteA,CDC light trap,Culex quinquefasciatus,31,Kato
2024-06-09,SiteA,CDC light trap,Aedes aegypti,12,Achieng
2024-06-09,SiteB,CDC light trap,Anopheles gambiae,19,Nabirye
2024-06-09,SiteB,CDC light trap,Anopheles funestus,28,Okello
2024-06-09,SiteB,CDC light trap,Culex quinquefasciatus,26,Okello
2024-06-09,SiteC,CDC light trap,Anopheles gambiae,5,Okello
2024-06-09,SiteC,CDC light trap,Culex quinquefasciatus,9,Nabirye
2024-06-09,SiteC,CDC light trap,Aedes aegypti,20,Kato
2024-06-09,SiteD,CDC light trap,Aedes aegypti,32,Okello
2024-06-10,SiteA,CDC light trap,Anopheles gambiae,5,Achieng
2024-06-10,SiteA,CDC light trap,Culex quinquefasciatus,28,Nabirye
2024-06-10,SiteA,CDC light trap,Aedes aegypti,9,Okello
2024-06-10,SiteB,CDC light trap,Anopheles gambiae,24,Nabirye
2024-06-10,SiteB,CDC light trap,Aedes aegypti,47,Nabirye
2024-06-10,SiteC,CDC light trap,Anopheles gambiae,19,Okello
2024-06-10,SiteC,CDC light trap,Aedes aegypti,26,Achieng
2024-06-10,SiteD,CDC light trap,Anopheles gambiae,43,Nabirye
2024-06-10,SiteD,CDC light trap,Anopheles funestus,38,Achieng
2024-06-10,SiteD,CDC light trap,Culex quinquefasciatus,45,Okello
2024-06-10,SiteD,CDC light trap,Aedes aegypti,21,Achieng
2024-06-11,SiteA,CDC light trap,Anopheles gambiae,23,Achieng
2024-06-11,SiteA,CDC light trap,Anopheles funestus,10,Nabirye
2024-06-11,SiteA,CDC light trap,Culex quinquefasciatus,31,Nabirye
2024-06-11,SiteA,CDC light trap,Aedes aegypti,43,Achieng
2024-06-11,SiteB,CDC light trap,Culex quinquefasciatus,20,Kato
2024-06-11,SiteB,CDC light trap,Aedes aegypti,41,Kato
2024-06-11,SiteC,CDC light trap,Anopheles gambiae,11,Kato
2024-06-11,SiteC,CDC light trap,Anopheles funestus,23,Okello
2024-06-11,SiteC,CDC light trap,Culex quinquefasciatus,34,Kato
2024-06-11,SiteD,CDC light trap,Anopheles gambiae,20,Kato
2024-06-11,SiteD,CDC light trap,Culex quinquefasciatus,15,Nabirye
2024-06-12,SiteA,CDC light trap,Anopheles funestus,23,Kato
2024-06-12,SiteA,CDC light trap,Culex quinquefasciatus,27,Achieng
2024-06-12,SiteA,CDC light trap,Aedes aegypti,58,Achieng
2024-06-12,SiteB,CDC light trap,Anopheles funestus,34,Kato
2024-06-12,SiteB,CDC light trap,Culex quinquefasciatus,1,Kato
2024-06-12,SiteC,CDC light trap,Anopheles funestus,46,Achieng
2024-06-12,SiteC,CDC light trap,Culex quinquefasciatus,20,Achieng
2024-06-12,SiteC,CDC light trap,Aedes aegypti,26,Achieng
2024-06-12,SiteD,CDC light trap,Anopheles gambiae,46,Kato
2024-06-12,SiteD,CDC light trap,Anopheles funestus,3,Kato
2024-06-12,SiteD,CDC light trap,Culex quinquefasciatus,19,Kato
2024-06-12,SiteD,CDC light trap,Aedes aegypti,19,Okello
2024-06-13,SiteA,CDC light trap,Anopheles gambiae,26,Okello
2024-06-13,SiteA,CDC light trap,Anopheles funestus,41,Achieng
2024-06-13,SiteA,CDC light trap,Culex quinquefasciatus,38,Okello
2024-06-13,SiteA,CDC light trap,Aedes aegypti,9,Okello
2024-06-13,SiteB,CDC light trap,Anopheles gambiae,12,Achieng
2024-06-13,SiteB,CDC light trap,Anopheles funestus,0,Okello
2024-06-13,SiteB,CDC light trap,Culex quinquefasciatus,34,Nabirye
2024-06-13,SiteC,CDC light trap,Anopheles gambiae,16,Kato
2024-06-13,SiteC,CDC light trap,Anopheles funestus,31,Kato
2024-06-13,SiteC,CDC light trap,Culex quinquefasciatus,41,Nabirye
2024-06-13,SiteC,CDC light trap,Aedes aegypti,45,Achieng
2024-06-13,SiteD,CDC light trap,Anopheles funestus,7,Okello
2024-06-14,SiteA,CDC light trap,Anopheles gambiae,13,Okello
2024-06-14,SiteA,CDC light trap,Culex quinquefasciatus,19,Achieng
2024-06-14,SiteA,CDC light trap,Aedes aegypti,51,Nabirye
2024-06-14,SiteB,CDC light trap,Anopheles gambiae,25,Nabirye
2024-06-14,SiteB,CDC light trap,Culex quinquefasciatus,22,Achieng
2024-06-14,SiteB,CDC light trap,Aedes aegypti,39,Achieng
2024-06-14,SiteC,CDC light trap,Anopheles gambiae,6,Nabirye
2024-06-14,SiteC,CDC light trap,Anopheles funestus,19,Achieng
2024-06-14,SiteC,CDC light trap,Culex quinquefasciatus,23,Okello
2024-06-14,SiteD,CDC light trap,Anopheles gambiae,45,Nabirye
2024-06-14,SiteD,CDC light trap,Anopheles funestus,35,Achieng
2024-06-14,SiteD,CDC light trap,Culex quinquefasciatus,6,Achieng
