date,site,trap_type,species,count,collector
2025-06-01,SiteA,BG-Sentinel,Anopheles gambiae,43,Achieng
2025-06-01,SiteA,BG-Sentinel,Culex quinquefasciatus,25,Okello
2025-06-01,SiteA,BG-Sentinel,Aedes aegypti,35,Okello
2025-06-01,SiteB,BG-Sentinel,Anopheles funestus,10,Kato
2025-06-01,SiteB,BG-Sentinel,Culex quinquefasciatus,3,Okello
2025-06-01,SiteB,BG-Sentinel,Aedes aegypti,46,Okello
2025-06-01,SiteC,BG-Sentinel,Anopheles funestus,1,Achieng
2025-06-01,SiteC,BG-Sentinel,Aedes aegypti,36,Okello
2025-06-01,SiteD,BG-Sentinel,Anopheles gambiae,25,Achieng
2025-06-01,SiteD,BG-Sentinel,Culex quinquefasciatus,49,Kato
2025-06-01,SiteD,BG-Sentinel,Aedes aegypti,12,Kato
2025-06-02,SiteA,BG-Sentinel,Culex quinquefasciatus,48,Kato
2025-06-02,SiteA,BG-Sentinel,Aedes aegypti,38,Kato
2025-06-02,SiteB,BG-Sentinel,Anopheles funestus,38,Nabirye
2025-06-02,SiteB,BG-Sentinel,Culex quinquefasciatus,35,Okello
2025-06-02,SiteB,BG-Sentinel,Aedes aegypti,20,Okello
2025-06-02,SiteC,BG-Sentinel,Anopheles gambiae,18,Kato
2025-06-02,SiteC,BG-Sentinel,Culex quinquefasciatus,23,Achieng
2025-06-02,SiteD,BG-Sentinel,Anopheles gambiae,52,Nabirye
2025-06-02,SiteD,BG-Sentinel,Culex quinquefasciatus,18,Achieng
2025-06-03,SiteA,BG-Sentinel,Anopheles gambiae,29,Kato
2025-06-03,SiteA,BG-Sentinel,Anopheles funestus,16,Nabirye
2025-06-03,SiteA,BG-Sentinel,Culex quinquefasciatus,25,Kato
2025-06-03,SiteB,BG-Sentinel,Anopheles gambiae,31,Okello
2025-06-03,SiteB,BG-Sentinel,Anopheles funestus,23,Achieng
2025-06-03,SiteB,BG-Sentinel,Culex quinquefasciatus,44,Achieng
2025-06-03,SiteC,BG-Sentinel,Anopheles funestus,5,Okello
2025-06-03,SiteC,BG-Sentinel,Culex quinquefasciatus,17,Okello
2025-06-03,SiteC,BG-Sentinel,Aedes aegypti,36,Okello
2025-06-03,SiteD,BG-Sentinel,Anopheles gambiae,15,Achieng
2025-06-03,SiteD,BG-Sentinel,Anopheles funestus,5,Achieng
2025-06-03,SiteD,BG-Sentinel,Culex quinquefasciatus,1,Okello
2025-06-03,SiteD,BG-Sentinel,Aedes aegypti,27,Kato
2025-06-04,SiteA,BG-Sentinel,Anopheles gambiae,34,Kato
2025-06-04,SiteA,BG-Sentinel,Aedes aegypti,16,Achieng
2025-06-04,SiteB,BG-Sentinel,Anopheles gambiae,23,Kato
2025-06-04,SiteB,BG-Sentinel,Anopheles funestus,41,Kato
2025-06-04,SiteB,BG-Sentinel,Aedes aegypti,12,Achieng
2025-06-04,SiteC,BG-Sentinel,Anopheles funestus,26,Okello
2025-06-04,SiteC,BG-Sentinel,Aedes aegypti,56,Nabirye
2025-06-04,SiteD,BG-Sentinel,Anopheles funestus,9,Nabirye
2025-06-04,SiteD,BG-Sentinel,Culex quinquefasciatus,34,Nabirye
2025-06-04,SiteD,BG-Sentinel,Aedes aegypti,15,Achieng
2025-06-05,SiteA,BG-Sentinel,Culex quinquefasciatus,36,Achieng
2025-06-05,SiteA,BG-Sentinel,Aedes aegypti,0,Nabirye
2025-06-05,SiteB,BG-Sentinel,Anopheles gambiae,7,Nabirye
2025-06-05,SiteB,BG-Sentinel,Anopheles funestus,23,Nabirye
2025-06-05,SiteB,BG-Sentinel,Culex quinquefasciatus,24,Achieng
2025-06-05,SiteB,BG-Sentinel,Aedes aegypti,27,Okello
2025-06-05,SiteC,BG-Sentinel,Anopheles gambiae,6,Achieng
2025-06-05,SiteC,BG-Sentinel,Anopheles funestus,12,Achieng
2025-06-05,SiteC,BG-Sentinel,Culex quinquefasciatus,9,Achieng
2025-06-05,SiteD,BG-Sentinel,Anopheles gambiae,6,Nabirye
2025-06-05,SiteD,BG-Sentinel,Culex quinquefasciatus,18,Achieng
2025-06-05,SiteD,BG-Sentinel,Aedes aegypti,23,Okello
2025-06-06,SiteA,BG-Sentinel,Anopheles gambiae,13,Kato
2025-06-06,SiteA,BG-Sentinel,Anopheles funestus,12,Kato
2025-06-06,SiteB,BG-Sentinel,Anopheles gambiae,8,Nabirye
2025-06-06,SiteB,BG-Sentinel,Anopheles funestus,23,Okello
2025-06-06,SiteB,BG-Sentinel,Culex quinquefasciatus,15,Kato
2025-06-06,SiteC,BG-Sentinel,Anopheles gambiae,1,Nabirye
2025-06-06,SiteC,BG-Sentinel,Anopheles funestus,34,Nabirye
2025-06-06,SiteC,BG-Sentinel,Culex quinquefasciatus,33,Kato
2025-06-06,SiteC,BG-Sentinel,Aedes aegypti,30,Achieng
2025-06-06,SiteD,BG-Sentinel,Anopheles funestus,29,Achieng
2025-06-06,SiteD,BG-Sentinel,Culex quinquefasciatus,36,Okello
2025-06-06,SiteD,BG-Sentinel,Aedes aegypti,26,Nabirye
2025-06-07,SiteA,BG-Sentinel,Anopheles gambiae,39,Nabirye
2025-06-07,SiteA,BG-Sentinel,Anopheles funestus,18,Nabirye
2025-06-07,SiteA,BG-Sentinel,Culex quinquefasciatus,27,Achieng
2025-06-07,SiteB,BG-Sentinel,Anopheles gambiae,0,Okello
2025-06-07,SiteB,BG-Sentinel,Culex quinquefasciatus,41,Okello
2025-06-07,SiteB,BG-Sentinel,Aedes aegypti,29,Kato
2025-06-07,SiteC,BG-Sentinel,Anopheles gambiae,6,Nabirye
2025-06-07,SiteC,BG-Sentinel,Culex quinquefasciatus,38,Kato
2025-06-07,SiteC,BG-Sentinel,Aedes aegypti,31,Okello
2025-06-07,SiteD,BG-Sentinel,Anopheles gambiae,23,Nabirye
2025-06-07,SiteD,BG-Sentinel,Anopheles funestus,4,Okello
2025-06-08,SiteA,BG-Sentinel,Culex quinquefasciatus,20,Okello
2025-06-08,SiteA,BG-Sentinel,Aedes aegypti,43,Nabirye
2025-06-08,SiteB,BG-Sentinel,Culex quinquefasciatus,9,Okello
2025-06-08,SiteB,BG-Sentinel,Aedes aegypti,34,Kato
2025-06-08,SiteC,BG-Sentinel,Anopheles gambiae,0,Okello
2025-06-08,SiteC,BG-Sentinel,Anopheles funestus,16,Okello
2025-06-08,SiteC,BG-Sentinel,Aedes aegypti,20,Okello
2025-06-08,SiteD,BG-Sentinel,Anopheles gambiae,31,Okello
2025-06-09,SiteA,BG-Sentinel,Anopheles gambiae,23,Okello
2025-06-09,SiteA,BG-Sentinel,Anopheles funestus,15,Nabirye
2025-06-09,SiteA,BG-Sentinel,Culex quinquefasciatus,11,Okello
2025-06-09,SiteA,BG-Sentinel,Aedes aegypti,9,Achieng
2025-06-09,SiteB,BG-Sentinel,Anopheles funestus,26,Kato
2025-06-09,SiteC,BG-Sentinel,Anopheles gambiae,43,Nabirye
2025-06-09,SiteC,BG-Sentinel,Culex quinquefasciatus,23,Nabirye
2025-06-09,SiteD,BG-Sentinel,Anopheles funestus,9,Achieng
2025-06-09,SiteD,BG-Sentinel,Culex quinquefasciatus,23,Achieng
2025-06-09,SiteD,BG-Sentinel,Aedes aegypti,29,Kato
2025-06-10,SiteA,BG-Sentinel,Anopheles gambiae,0,Nabirye
2025-06-10,SiteA,BG-Sentinel,Culex quinquefasciatus,33,Achieng
2025-06-10,SiteA,BG-Sentinel,Aedes aegypti,6,Nabirye
2025-06-10,SiteB,BG-Sentinel,Anopheles funestus,15,Achieng
2025-06-10,SiteB,BG-Sentinel,Culex quinquefasciatus,18,Kato
2025-06-10,SiteB,BG-Sentinel,Aedes aegypti,21,Okello
2025-06-10,SiteC,BG-Sentinel,Anopheles gambiae,37,Kato
2025-06-10,SiteC,BG-Sentinel,Culex quinquefasciatus,28,Okello
2025-06-10,SiteC,BG-Sentinel,Aedes aegypti,38,Kato
2025-06-10,SiteD,BG-Sentinel,Anopheles gambiae,17,Nabirye
2025-06-10,SiteD,BG-Sentinel,Culex quinquefasciatus,39,Achieng
2025-06-11,SiteA,BG-Sentinel,Anopheles funestus,17,Nabirye
2025-06-11,SiteB,BG-Sentinel,Anopheles gambiae,9,Nabirye
2025-06-11,SiteB,BG-Sentinel,Culex quinquefasciatus,36,Okello
2025-06-11,SiteB,BG-Sentinel,Aedes aegypti,18,Achieng
2025-06-11,SiteC,BG-Sentinel,Anopheles gambiae,31,Nabirye
2025-06-11,SiteC,BG-Sentinel,Anopheles funestus,33,Achieng
2025-06-11,SiteC,BG-Sentinel,Culex quinquefasciatus,22,Achieng
2025-06-11,SiteC,BG-Sentinel,Aedes aegypti,16,Kato
2025-06-11,SiteD,BG-Sentinel,Anopheles funestus,13,Achieng
2025-06-11,SiteD,BG-Sentinel,Culex quinquefasciatus,8,Achieng
2025-06-11,SiteD,BG-Sentinel,Aedes aegypti,49,Achieng
2025-06-12,SiteA,BG-Sentinel,Anopheles gambiae,0,Kato
2025-06-12,SiteA,BG-Sentinel,Anopheles funestus,22,Kato
2025-06-12,SiteA,BG-Sentinel,Culex quinquefasciatus,0,Achieng
2025-06-12,SiteA,BG-Sentinel,Aedes aegypti,10,Okello
2025-06-12,SiteB,BG-Sentinel,Anopheles gambiae,32,Kato
2025-06-12,SiteB,BG-Sentinel,Anopheles funestus,31,Kato
2025-06-12,SiteB,BG-Sentinel,Culex quinquefasciatus,28,Okello
2025-06-12,SiteB,BG-Sentinel,Aedes aegypti,42,Achieng
2025-06-12,SiteC,BG-Sentinel,Anopheles funestus,28,Okello
2025-06-12,SiteC,BG-Sentinel,Culex quinquefasciatus,39,Kato
2025-06-12,SiteD,BG-Sentinel,Anopheles gambiae,44,Nabirye
2025-06-12,SiteD,BG-Sentinel,Anopheles funestus,3,Okello
2025-06-12,SiteD,BG-Sentinel,Culex quinquefasciatus,42,Kato
2025-06-13,SiteA,BG-Sentinel,Anopheles gambiae,26,Kato
2025-06-13,SiteA,BG-Sentinel,Anopheles funestus,28,Kato
2025-06-13,SiteA,BG-Sentinel,Culex quinquefasciatus,44,Achieng
2025-06-13,SiteB,BG-Sentinel,Anopheles gambiae,13,Kato
2025-06-13,SiteB,BG-Sentinel,Culex quinquefasciatus,42,Okello
2025-06-13,SiteC,BG-Sentinel,Anopheles gambiae,31,Nabirye
2025-06-13,SiteC,BG-Sentinel,Anopheles funestus,46,Kato
2025-06-13,SiteC,BG-Sentinel,Aedes aegypti,0,Achieng
2025-06-13,SiteD,BG-Sentinel,Anopheles gambiae,39,Kato
2025-06-13,SiteD,BG-Sentinel,Anopheles funestus,49,Okello
2025-06-13,SiteD,BG-Sentinel,Culex quinquefasciatus,22,Achieng
2025-06-14,SiteA,BG-Sentinel,Anopheles gambiae,32,Okello
2025-06-14,SiteA,BG-Sentinel,Anopheles funestus,28,Kato
2025-06-14,SiteA,BG-Sentinel,Culex quinquefasciatus,0,Okello
2025-06-14,SiteB,BG-Sentinel,Anopheles gambiae,11,Nabirye
2025-06-14,SiteB,BG-Sentinel,Anopheles funestus,14,Achieng
2025-06-14,SiteB,BG-Sentinel,Culex quinquefasciatus,3,Kato
2025-06-14,SiteB,BG-Sentinel,Aedes aegypti,36,Okello
2025-06-14,SiteC,BG-Sentinel,Anopheles gambiae,42,Achieng
2025-06-14,SiteC,BG-Sentinel,Culex quinquefasciatus,20,Achieng
2025-06-14,SiteD,BG-Sentinel,Anopheles gambiae,28,Achieng
2025-06-14,SiteD,BG-Sentinel,Anopheles funestus,23,Kato
2025-06-14,SiteD,BG-Sentinel,Culex quinquefasciatus,4,Okello
